City_ID,City,Lat,Lng,Max Temp,Humidity,Cloudiness,Wind Speed,Country,Date
0,Busselton,-33.65,115.33,55.99,83,93,10.87,AU,2020-10-01 18:57:20
1,Mataura,-46.19,168.86,46.99,73,1,7.0,NZ,2020-10-01 18:57:20
2,Kudat,6.88,116.85,78.8,94,20,2.24,MY,2020-10-01 18:57:20
3,Barrow,71.29,-156.79,33.8,86,90,18.34,US,2020-10-01 18:57:19
4,Abapo,-18.83,-63.47,100.26,19,0,16.82,BO,2020-10-01 18:57:21
5,Seoul,37.57,126.98,60.8,93,1,5.86,KR,2020-10-01 18:56:37
6,Tonj,7.27,28.68,74.52,83,0,1.92,SS,2020-10-01 18:57:21
7,Sinnamary,5.38,-52.95,85.53,64,44,8.37,GF,2020-10-01 18:57:21
8,Albany,42.6,-73.97,73.99,46,12,7.49,US,2020-10-01 18:57:22
9,Provideniya,64.38,-173.3,38.71,81,100,9.98,RU,2020-10-01 18:57:20
10,Qaanaaq,77.48,-69.36,16.03,80,0,7.52,GL,2020-10-01 18:57:22
11,Pitimbu,-7.47,-34.81,84.2,58,20,20.8,BR,2020-10-01 18:57:22
12,Vardo,70.37,31.11,46.4,93,75,24.16,NO,2020-10-01 18:57:22
13,Khao Wong,16.7,104.09,76.23,88,93,2.19,TH,2020-10-01 18:57:23
14,Padang,-0.95,100.35,76.96,83,100,4.32,ID,2020-10-01 18:57:23
15,Prince Rupert,54.32,-130.32,55.4,100,90,1.05,CA,2020-10-01 18:57:09
16,Cape Town,-33.93,18.42,59.0,71,20,33.33,ZA,2020-10-01 18:57:24
17,Mankono,8.06,-6.19,73.81,92,100,3.36,CI,2020-10-01 18:57:24
18,Megion,61.03,76.11,46.4,93,90,2.24,RU,2020-10-01 18:57:24
19,Riyadh,24.69,46.72,86.0,20,0,2.24,SA,2020-10-01 18:56:03
20,New Norfolk,-42.78,147.06,57.2,54,2,18.34,AU,2020-10-01 18:57:25
21,York,40.13,-77.0,73.4,31,1,8.05,US,2020-10-01 18:52:34
22,Cabo San Lucas,22.89,-109.91,91.0,62,20,3.36,MX,2020-10-01 18:57:25
23,Coquimbo,-29.95,-71.34,59.0,67,0,14.99,CL,2020-10-01 18:57:26
24,Rikitea,-23.12,-134.97,73.02,80,1,19.3,PF,2020-10-01 18:57:26
25,Maneadero,31.72,-116.57,94.1,14,0,7.94,MX,2020-10-01 18:57:26
26,Thompson,55.74,-97.86,37.4,74,75,6.93,CA,2020-10-01 18:56:32
27,Xuddur,4.12,43.89,80.71,44,98,12.64,SO,2020-10-01 18:57:26
28,Mnogovershinnyy,53.94,139.92,35.38,89,0,0.54,RU,2020-10-01 18:57:27
29,Yellowknife,62.46,-114.35,45.0,81,75,19.46,CA,2020-10-01 18:57:27
30,Hun,29.13,15.95,83.48,25,0,4.47,LY,2020-10-01 18:57:27
31,Neryungri,56.67,124.65,37.58,92,100,3.53,RU,2020-10-01 18:57:28
32,Hithadhoo,-0.6,73.08,82.85,68,100,2.91,MV,2020-10-01 18:57:28
33,Salalah,17.02,54.09,78.8,83,20,3.36,OM,2020-10-01 18:57:28
34,Hermanus,-34.42,19.23,55.99,72,98,10.0,ZA,2020-10-01 18:54:07
35,Tomatlan,19.93,-105.25,91.38,53,0,5.61,MX,2020-10-01 18:57:29
36,Nikolskoye,59.7,30.79,50.0,81,72,6.71,RU,2020-10-01 18:57:29
37,Kudahuvadhoo,2.67,72.89,81.75,76,100,7.9,MV,2020-10-01 18:57:29
38,Nouadhibou,20.93,-17.03,77.0,65,0,19.46,MR,2020-10-01 18:55:10
39,Upernavik,72.79,-56.15,21.72,87,0,16.22,GL,2020-10-01 18:57:30
40,Laguna,38.42,-121.42,82.4,34,1,3.58,US,2020-10-01 18:57:30
41,Kapaa,22.08,-159.32,77.0,73,1,8.05,US,2020-10-01 18:57:13
42,Kahului,20.89,-156.47,82.4,69,75,10.29,US,2020-10-01 18:57:31
43,Airai,-8.93,125.41,58.86,62,4,3.74,TL,2020-10-01 18:57:31
44,Harper,4.38,-7.72,77.32,86,97,10.78,LR,2020-10-01 18:57:31
45,Tezu,27.92,96.17,75.92,71,64,3.29,IN,2020-10-01 18:57:32
46,Gat,31.61,34.76,80.01,68,0,6.73,IL,2020-10-01 18:57:32
47,Saint-Philippe,-21.36,55.77,71.6,78,29,4.7,RE,2020-10-01 18:57:32
48,Beringovskiy,63.05,179.32,39.24,84,100,19.73,RU,2020-10-01 18:57:33
49,Atuona,-9.8,-139.03,78.53,76,1,21.14,PF,2020-10-01 18:57:33
50,Poum,-20.23,164.02,70.48,74,6,8.7,NC,2020-10-01 18:57:33
51,Castro,-24.79,-50.01,88.05,38,1,9.24,BR,2020-10-01 18:57:33
52,Codrington,-38.27,141.97,54.23,59,0,16.58,AU,2020-10-01 18:57:34
53,Arraial Do Cabo,-22.97,-42.03,80.6,74,50,21.92,BR,2020-10-01 18:57:34
54,Bluff,-46.6,168.33,46.99,73,100,7.0,NZ,2020-10-01 18:57:34
55,Broken Hill,-31.95,141.43,62.6,59,0,10.29,AU,2020-10-01 18:57:35
56,Omboue,-1.57,9.26,76.1,80,44,7.81,GA,2020-10-01 18:57:35
57,Souillac,-20.52,57.52,69.8,83,40,4.7,MU,2020-10-01 18:57:23
58,Ushuaia,-54.8,-68.3,28.4,92,75,16.11,AR,2020-10-01 18:57:35
59,Saskylakh,71.92,114.08,23.02,93,100,11.36,RU,2020-10-01 18:57:36
60,Bredasdorp,-34.53,20.04,57.2,62,98,20.8,ZA,2020-10-01 18:57:36
61,Snasa,64.25,12.38,57.2,67,0,13.87,NO,2020-10-01 18:57:36
62,Pag,44.45,15.06,60.8,93,40,5.82,HR,2020-10-01 18:57:36
63,Washington,47.5,-120.5,62.6,63,1,3.36,US,2020-10-01 18:57:37
64,Georgetown,5.41,100.34,80.6,83,40,4.7,MY,2020-10-01 18:53:04
65,Praia Da Vitoria,38.73,-27.07,72.0,94,75,13.27,PT,2020-10-01 18:57:37
66,Butaritari,3.07,172.79,80.78,73,21,14.36,KI,2020-10-01 18:57:00
67,Ostrovnoy,68.05,39.51,49.68,82,100,11.81,RU,2020-10-01 18:57:38
68,Nemuro,43.32,145.57,56.28,89,100,11.25,JP,2020-10-01 18:57:38
69,Mar Del Plata,-38.0,-57.56,59.0,62,40,10.29,AR,2020-10-01 18:56:28
70,Vila Franca Do Campo,37.72,-25.43,71.6,68,75,8.05,PT,2020-10-01 18:57:38
71,Avarua,-21.21,-159.78,78.8,83,1,16.11,CK,2020-10-01 18:57:39
72,Poros,37.5,23.45,73.0,61,0,1.01,GR,2020-10-01 18:57:39
73,San Vicente,-26.62,-54.13,100.65,16,0,8.81,AR,2020-10-01 18:57:39
74,Klaksvik,62.23,-6.59,46.4,93,100,19.46,FO,2020-10-01 18:57:39
75,Vaini,-21.2,-175.2,71.6,100,75,9.17,TO,2020-10-01 18:57:40
76,Mahebourg,-20.41,57.7,69.8,83,40,4.7,MU,2020-10-01 18:57:40
77,Cabedelo,-6.98,-34.83,84.2,58,20,20.8,BR,2020-10-01 18:57:40
78,Rawson,-43.3,-65.1,47.82,44,88,24.25,AR,2020-10-01 18:53:50
79,Geraldton,-28.77,114.6,51.8,87,88,9.17,AU,2020-10-01 18:57:03
80,Chingirlau,51.09,54.08,54.25,50,0,7.56,KZ,2020-10-01 18:57:41
81,Kavieng,-2.57,150.8,81.12,79,100,9.35,PG,2020-10-01 18:57:41
82,Talnakh,69.49,88.4,33.8,100,75,17.9,RU,2020-10-01 18:57:41
83,Lebu,-37.62,-73.65,51.93,62,0,10.29,CL,2020-10-01 18:57:00
84,Gobabis,-22.45,18.97,65.84,21,0,13.89,NA,2020-10-01 18:55:10
85,Khatanga,71.97,102.5,29.44,99,100,21.3,RU,2020-10-01 18:57:24
86,Santa Lucia,27.91,-15.54,75.2,64,40,23.04,ES,2020-10-01 18:57:42
87,Deputatskiy,69.3,139.9,23.14,91,98,1.59,RU,2020-10-01 18:57:42
88,Vao,-22.67,167.48,68.81,69,4,15.68,NC,2020-10-01 18:57:42
89,Hilo,19.73,-155.09,73.99,88,90,4.7,US,2020-10-01 18:57:43
90,Bundaberg,-24.85,152.35,62.01,87,40,3.87,AU,2020-10-01 18:57:43
91,Saldanha,-33.01,17.94,57.2,71,100,9.17,ZA,2020-10-01 18:57:43
92,Rio Claro,-22.41,-47.56,95.86,25,53,2.26,BR,2020-10-01 18:57:44
93,Bethel,41.37,-73.41,70.0,43,40,8.05,US,2020-10-01 18:55:57
94,Kumbo,6.2,10.67,60.1,93,99,2.46,CM,2020-10-01 18:57:44
95,Bambous Virieux,-20.34,57.76,69.8,83,40,4.7,MU,2020-10-01 18:57:45
96,Rocha,-34.48,-54.33,63.73,64,0,12.88,UY,2020-10-01 18:57:45
97,Punta Arenas,-53.15,-70.92,37.4,44,20,16.11,CL,2020-10-01 18:57:18
98,Baykit,61.67,96.37,28.58,96,1,2.19,RU,2020-10-01 18:57:46
99,Cidreira,-30.18,-50.21,71.17,82,44,13.49,BR,2020-10-01 18:57:46
100,Tuktoyaktuk,69.45,-133.04,37.4,93,90,14.99,CA,2020-10-01 18:57:46
101,Tiksi,71.69,128.87,24.28,95,100,15.35,RU,2020-10-01 18:57:46
102,Aquiraz,-3.9,-38.39,86.0,55,26,18.34,BR,2020-10-01 18:56:07
103,Key West,24.56,-81.78,88.0,66,1,8.05,US,2020-10-01 18:54:56
104,Kaduqli,11.02,29.72,76.32,71,0,3.42,SD,2020-10-01 18:57:47
105,Kalabo,-14.97,22.68,79.97,37,79,2.89,ZM,2020-10-01 18:57:47
106,Jalu,29.03,21.55,84.25,37,0,9.55,LY,2020-10-01 18:57:48
107,Yumaguzino,52.9,56.39,50.67,77,0,3.78,RU,2020-10-01 18:57:48
108,Cayenne,4.93,-52.33,89.6,62,78,10.29,GF,2020-10-01 18:55:14
109,Moron,-34.65,-58.62,64.99,45,100,9.17,AR,2020-10-01 18:54:46
110,Aguimes,27.91,-15.45,75.2,64,40,23.04,ES,2020-10-01 18:57:49
111,Languyan,5.26,120.08,79.88,79,25,3.67,PH,2020-10-01 18:57:49
112,Iqaluit,63.75,-68.51,32.0,94,40,17.22,CA,2020-10-01 18:57:49
113,San Joaquin,10.26,-67.79,83.55,64,99,5.88,VE,2020-10-01 18:57:49
114,Luena,-11.78,19.92,75.67,45,89,2.37,AO,2020-10-01 18:57:50
115,Roald,62.58,6.13,62.6,51,99,14.99,NO,2020-10-01 18:57:26
116,Jinxiang,22.86,115.7,79.0,76,6,1.01,CN,2020-10-01 18:57:50
117,Akropong,5.97,-0.09,78.8,88,75,11.41,GH,2020-10-01 18:57:50
118,Yinchuan,38.47,106.27,53.98,36,70,8.03,CN,2020-10-01 18:57:51
119,Calabaca,14.3,122.43,78.53,89,100,6.8,PH,2020-10-01 18:57:51
120,Kaitangata,-46.28,169.85,42.01,89,0,5.95,NZ,2020-10-01 18:57:51
121,Coos Bay,43.37,-124.22,62.01,93,90,7.0,US,2020-10-01 18:57:52
122,Guerrero Negro,27.98,-114.06,94.55,22,0,4.52,MX,2020-10-01 18:57:52
123,Naze,28.37,129.48,75.2,83,20,3.36,JP,2020-10-01 18:57:52
124,Hwange,-18.37,26.5,81.25,40,88,6.24,ZW,2020-10-01 18:57:52
125,Pomabamba,-8.83,-77.47,60.4,47,79,7.16,PE,2020-10-01 18:57:53
126,Eureka,40.8,-124.16,69.8,93,75,3.36,US,2020-10-01 18:57:53
127,Constitucion,-35.33,-72.42,55.09,54,85,16.04,CL,2020-10-01 18:57:53
128,La Reforma,25.08,-108.05,97.0,63,0,10.0,MX,2020-10-01 18:57:54
129,Portland,45.52,-122.68,62.6,87,75,5.82,US,2020-10-01 18:52:59
130,Chuy,-33.7,-53.46,64.18,78,96,10.98,UY,2020-10-01 18:57:54
131,The Pas,53.83,-101.25,42.8,63,90,4.7,CA,2020-10-01 18:57:54
132,Zyryanka,65.75,150.85,36.84,71,100,11.34,RU,2020-10-01 18:57:55
133,Ilhabela,-23.78,-45.36,84.16,66,8,6.33,BR,2020-10-01 18:55:51
134,Bambanglipuro,-7.95,110.28,77.4,89,14,7.4,ID,2020-10-01 18:57:55
135,Cherskiy,68.75,161.3,29.64,96,0,4.72,RU,2020-10-01 18:57:55
136,Hobart,-42.88,147.33,57.2,54,1,18.34,AU,2020-10-01 18:54:29
137,Lagoa,39.05,-27.98,70.21,83,80,14.09,PT,2020-10-01 18:57:56
138,Batouri,4.43,14.37,69.15,97,100,2.04,CM,2020-10-01 18:57:56
139,Smidovich,48.6,133.82,45.86,83,66,8.88,RU,2020-10-01 18:57:56
140,Makakilo City,21.35,-158.09,80.6,54,1,5.82,US,2020-10-01 18:53:29
141,Kharp,66.8,65.81,45.0,87,100,6.11,RU,2020-10-01 18:57:57
142,Roebourne,-20.78,117.13,71.33,36,5,6.71,AU,2020-10-01 18:57:57
143,Road Town,18.42,-64.62,87.8,66,20,11.41,VG,2020-10-01 18:57:57
144,Praia,14.92,-23.51,84.2,70,75,17.22,CV,2020-10-01 18:57:58
145,Male,4.17,73.51,84.2,74,75,6.93,MV,2020-10-01 18:57:58
146,Birjand,32.87,59.22,57.2,28,20,6.93,IR,2020-10-01 18:57:58
147,Mitsamiouli,-11.38,43.28,78.37,81,0,6.46,KM,2020-10-01 18:57:59
148,Hamilton,39.18,-84.53,66.0,34,75,16.11,US,2020-10-01 18:55:02
149,Puerto Narino,-3.77,-70.38,82.4,78,75,4.7,CO,2020-10-01 18:57:59
150,Hay River,60.82,-115.8,46.4,70,75,10.29,CA,2020-10-01 18:57:59
151,Ekhabi,53.51,142.97,38.82,88,0,2.66,RU,2020-10-01 18:58:00
152,Kuala Terengganu,5.33,103.14,78.8,88,20,2.24,MY,2020-10-01 18:58:00
153,East London,-33.02,27.91,59.0,67,75,11.41,ZA,2020-10-01 18:55:00
154,Ribeira Grande,38.52,-28.7,71.6,73,40,5.82,PT,2020-10-01 18:58:01
155,Ampanihy,-24.7,44.75,65.88,82,0,7.36,MG,2020-10-01 18:58:01
156,Hasaki,35.73,140.83,57.2,100,90,1.12,JP,2020-10-01 18:58:01
157,Jaen,38.0,-3.5,72.0,38,0,8.86,ES,2020-10-01 18:58:02
158,Fot,47.62,19.19,57.99,90,100,4.61,HU,2020-10-01 18:58:02
159,Port Alfred,-33.59,26.89,57.83,70,100,16.49,ZA,2020-10-01 18:58:02
160,Faanui,-16.48,-151.75,78.89,78,36,21.14,PF,2020-10-01 18:58:03
161,Muroto,33.28,134.15,71.35,68,0,6.15,JP,2020-10-01 18:58:03
162,Chkalovskoye,44.84,133.04,50.81,87,100,4.99,RU,2020-10-01 18:58:03
163,Bengkulu,-3.8,102.27,76.15,89,100,7.76,ID,2020-10-01 18:58:04
164,Umm Kaddadah,13.6,26.69,92.89,26,0,11.72,SD,2020-10-01 18:58:04
165,Pudozh,61.81,36.53,48.56,91,66,3.69,RU,2020-10-01 18:58:04
166,Lompoc,34.64,-120.46,95.0,32,1,9.62,US,2020-10-01 18:57:31
167,Santa Maria,-29.68,-53.81,91.18,54,0,2.91,BR,2020-10-01 18:58:05
168,Rundu,-17.93,19.77,77.32,33,7,6.51,NA,2020-10-01 18:58:05
169,Itarema,-2.92,-39.92,84.25,60,0,21.74,BR,2020-10-01 18:58:04
170,Winnemucca,40.97,-117.74,77.0,12,1,12.75,US,2020-10-01 18:54:33
171,Gaimersheim,48.81,11.37,55.0,93,100,1.12,DE,2020-10-01 18:58:05
172,Grand Gaube,-20.01,57.66,69.01,77,1,5.01,MU,2020-10-01 18:55:05
173,Sao Filipe,14.9,-24.5,80.19,82,11,6.85,CV,2020-10-01 18:58:06
174,Kasongo-Lunda,-6.47,16.82,75.36,80,25,2.26,CD,2020-10-01 18:58:06
175,Mozarlandia,-14.74,-50.57,106.3,11,100,11.12,BR,2020-10-01 18:58:07
176,Los Llanos De Aridane,28.66,-17.92,75.2,69,40,16.11,ES,2020-10-01 18:58:07
177,Mbandaka,0.05,18.26,68.36,93,100,2.33,CD,2020-10-01 18:58:07
178,Pangnirtung,66.15,-65.71,35.6,43,40,8.05,CA,2020-10-01 18:58:07
179,Kabalo,-6.05,26.92,73.72,82,4,2.44,CD,2020-10-01 18:58:08
180,Mareeba,-17.0,145.43,71.6,73,75,9.17,AU,2020-10-01 18:58:08
181,Tweed,44.48,-77.32,61.0,70,0,5.99,CA,2020-10-01 18:58:08
182,Angoche,-16.23,39.91,75.74,85,0,6.06,MZ,2020-10-01 18:58:09
183,Darhan,49.49,105.92,28.27,86,73,3.53,MN,2020-10-01 18:58:09
184,Kainantu,-6.29,145.87,60.55,95,100,1.68,PG,2020-10-01 18:58:09
185,Port Hardy,50.7,-127.42,55.4,93,75,2.3,CA,2020-10-01 18:58:09
186,Husavik,66.04,-17.34,37.4,64,100,1.28,IS,2020-10-01 18:58:10
187,Kasane,-17.82,25.15,78.8,41,70,3.36,BW,2020-10-01 18:58:10
188,Kununurra,-15.77,128.73,78.8,83,75,2.24,AU,2020-10-01 18:58:10
189,Lima,-12.04,-77.03,69.01,68,40,13.87,PE,2020-10-01 18:58:11
190,Longyearbyen,78.22,15.64,33.8,95,75,3.36,SJ,2020-10-01 18:58:11
191,Jerez,14.1,-89.75,86.0,58,40,4.7,GT,2020-10-01 18:58:11
192,Ketchikan,55.34,-131.65,53.6,100,90,5.82,US,2020-10-01 18:55:46
193,Zaysan,47.47,84.87,38.34,66,0,5.99,KZ,2020-10-01 18:58:11
194,Buritizeiro,-17.35,-44.96,99.16,16,100,12.37,BR,2020-10-01 18:58:12
195,Banda Aceh,5.56,95.32,80.98,78,100,8.59,ID,2020-10-01 18:58:12
196,Kodiak,57.79,-152.41,51.8,87,90,17.22,US,2020-10-01 18:58:12
197,Vila Velha,-20.33,-40.29,84.0,69,4,23.04,BR,2020-10-01 18:58:13
198,Palembang,-2.92,104.75,75.96,92,100,2.8,ID,2020-10-01 18:58:13
199,Merauke,-8.47,140.33,76.28,75,27,16.02,ID,2020-10-01 18:57:13
200,Champerico,14.3,-91.92,87.8,66,20,6.93,GT,2020-10-01 18:58:14
201,Krasnoarmeysk,51.02,45.7,60.01,26,0,1.99,RU,2020-10-01 18:58:14
202,Monte Patria,-30.69,-70.95,72.79,21,0,10.02,CL,2020-10-01 18:58:14
203,Gernsbach,48.77,8.33,57.99,87,75,9.17,DE,2020-10-01 18:58:14
204,Egvekinot,66.32,-179.17,32.23,95,100,15.32,RU,2020-10-01 18:58:15
205,Jamestown,42.1,-79.24,53.01,76,90,10.29,US,2020-10-01 18:56:33
206,Namatanai,-3.67,152.43,76.8,91,100,11.72,PG,2020-10-01 18:58:15
207,Fort Nelson,58.81,-122.7,51.8,66,20,6.93,CA,2020-10-01 18:58:16
208,Manicore,-5.81,-61.3,92.61,46,87,1.5,BR,2020-10-01 18:53:36
209,Campbell River,50.02,-125.24,64.4,82,75,0.87,CA,2020-10-01 18:57:18
210,Leningradskiy,69.38,178.42,35.74,88,100,9.84,RU,2020-10-01 18:57:05
211,Kavaratti,10.57,72.64,81.52,78,6,12.48,IN,2020-10-01 18:58:16
212,Mackay,-21.15,149.2,62.6,93,40,4.7,AU,2020-10-01 18:58:17
213,Quesnel,53.0,-122.5,57.2,87,40,4.7,CA,2020-10-01 18:58:17
214,Lewistown,40.6,-77.57,72.0,34,40,10.29,US,2020-10-01 18:54:31
215,Altamira,-3.2,-52.21,93.52,41,100,3.24,BR,2020-10-01 18:54:37
216,Vila,42.03,-8.16,55.0,88,100,13.0,PT,2020-10-01 18:58:17
217,Mountain Home,43.13,-115.69,69.8,22,1,10.29,US,2020-10-01 18:58:17
218,Carnarvon,-24.87,113.63,64.4,88,40,10.29,AU,2020-10-01 18:56:58
219,Srednekolymsk,67.45,153.68,32.41,87,100,6.11,RU,2020-10-01 18:58:18
220,Araua,-11.26,-37.62,82.4,61,40,11.41,BR,2020-10-01 18:58:18
221,Rudsar,37.14,50.29,71.6,78,75,4.14,IR,2020-10-01 18:58:18
222,Huarmey,-10.07,-78.15,69.19,66,22,12.84,PE,2020-10-01 18:58:19
223,Piacabucu,-10.41,-36.43,78.96,71,8,11.74,BR,2020-10-01 18:58:19
224,Urdoma,61.75,48.54,48.15,95,87,4.45,RU,2020-10-01 18:58:19
225,San Luis,-33.3,-66.34,65.88,26,0,20.51,AR,2020-10-01 18:58:19
226,Finschhafen,-6.6,147.87,77.86,82,100,6.31,PG,2020-10-01 18:58:20
227,Dikson,73.51,80.55,37.36,79,100,20.29,RU,2020-10-01 18:58:12
228,Gao,16.64,1.64,88.52,38,91,17.16,ML,2020-10-01 18:58:20
229,Kruisfontein,-34.0,24.73,55.0,73,100,3.0,ZA,2020-10-01 18:58:20
230,Verkhnyaya Toyma,62.23,45.0,48.76,93,51,3.15,RU,2020-10-01 18:58:21
231,Aklavik,68.22,-135.01,37.4,100,90,12.75,CA,2020-10-01 18:58:21
232,Broome,42.25,-75.83,66.99,48,40,12.75,US,2020-10-01 18:58:21
233,Salinopolis,-0.61,-47.36,83.41,67,0,13.58,BR,2020-10-01 18:58:21
234,Nioro,13.35,-15.75,81.18,77,100,8.43,GM,2020-10-01 18:58:22
235,Camopi,3.17,-52.32,90.86,48,94,4.14,GF,2020-10-01 18:58:22
236,Ambilobe,-13.2,49.05,72.77,85,1,3.8,MG,2020-10-01 18:54:13
237,Arnoldstein,46.55,13.71,57.99,93,75,3.36,AT,2020-10-01 18:58:22
238,Port Macquarie,-31.43,152.92,55.99,95,0,1.01,AU,2020-10-01 18:58:23
239,Agua Verde,22.9,-106.05,89.6,62,40,4.7,MX,2020-10-01 18:58:23
240,Grindavik,63.84,-22.43,44.6,87,75,12.75,IS,2020-10-01 18:58:23
241,Poroshkovo,48.67,22.75,51.01,94,100,3.67,UA,2020-10-01 18:58:23
242,Natal,-5.79,-35.21,84.2,58,20,16.11,BR,2020-10-01 18:58:03
243,Kutum,14.2,24.67,85.28,26,75,5.37,SD,2020-10-01 18:58:24
244,Hirado,33.36,129.55,69.01,73,6,1.01,JP,2020-10-01 18:58:24
245,Cucuyagua,14.65,-88.87,80.56,64,69,4.68,HN,2020-10-01 18:58:24
246,Aldan,58.6,125.39,30.34,99,93,3.85,RU,2020-10-01 18:58:24
247,Shingu,33.73,135.98,61.02,70,0,5.26,JP,2020-10-01 18:58:25
248,Chumikan,54.72,135.31,43.2,80,0,3.47,RU,2020-10-01 18:58:25
249,Severnyy,50.68,36.55,64.4,31,100,15.66,RU,2020-10-01 18:58:25
250,Bani Walid,31.76,13.99,84.33,36,78,9.13,LY,2020-10-01 18:58:26
251,Pevek,69.7,170.31,38.08,78,100,20.09,RU,2020-10-01 18:57:13
252,Arlit,18.74,7.39,98.87,17,0,2.01,NE,2020-10-01 18:58:26
253,Hofn,64.25,-15.21,45.77,55,0,7.61,IS,2020-10-01 18:58:27
254,Luderitz,-26.65,15.16,54.46,72,0,13.38,NA,2020-10-01 18:58:27
255,Narsaq,60.92,-46.05,48.2,39,75,18.34,GL,2020-10-01 18:57:23
256,Trincomalee,8.57,81.23,80.6,77,100,18.61,LK,2020-10-01 18:58:27
257,Ponta Delgada,37.73,-25.67,71.6,68,75,8.05,PT,2020-10-01 18:58:28
258,Bedele,8.46,36.35,54.64,99,85,1.79,ET,2020-10-01 18:58:28
259,Ponta Do Sol,32.67,-17.1,71.6,60,20,5.82,PT,2020-10-01 18:58:28
260,Anju,39.62,125.66,58.53,93,100,3.0,KP,2020-10-01 18:58:29
261,Dolores,-36.31,-57.68,56.97,72,100,8.16,AR,2020-10-01 18:58:29
262,Luorong,24.41,109.61,74.98,82,66,2.73,CN,2020-10-01 18:58:29
263,Stepnoye,51.4,46.87,60.01,26,0,1.99,RU,2020-10-01 18:58:29
264,Port Elizabeth,-33.92,25.57,57.2,67,90,11.41,ZA,2020-10-01 18:58:19
265,Houma,29.6,-90.72,84.99,39,1,6.93,US,2020-10-01 18:58:30
266,Tura,25.52,90.22,75.24,91,100,1.14,IN,2020-10-01 18:54:11
267,Taltal,-25.4,-70.48,63.75,59,22,9.22,CL,2020-10-01 18:58:30
268,Dingle,11.0,122.67,75.96,90,18,2.48,PH,2020-10-01 18:58:31
269,Catuday,16.29,119.81,80.64,81,100,3.13,PH,2020-10-01 18:58:31
270,Clyde River,70.47,-68.59,28.4,86,75,19.46,CA,2020-10-01 18:58:32
271,Vestmannaeyjar,63.44,-20.27,46.4,65,20,9.17,IS,2020-10-01 18:58:32
272,Avera,33.19,-82.53,80.6,42,1,10.29,US,2020-10-01 18:58:32
273,Salvador,13.83,-88.92,87.8,62,20,9.17,SV,2020-10-01 18:58:32
274,Biak,-0.91,122.88,78.33,77,100,8.34,ID,2020-10-01 18:58:33
275,Severo-Kurilsk,50.68,156.12,47.52,86,100,10.67,RU,2020-10-01 18:58:33
276,Lata,40.16,-8.33,64.0,75,100,4.0,PT,2020-10-01 18:58:33
277,Sosua,19.77,-70.52,88.0,74,75,11.41,DO,2020-10-01 18:58:33
278,Taree,-31.9,152.47,57.2,87,75,4.7,AU,2020-10-01 18:58:34
279,Wewak,-3.55,143.63,75.65,91,100,9.66,PG,2020-10-01 18:58:34
280,Ilulissat,69.22,-51.1,37.4,44,40,14.99,GL,2020-10-01 18:55:53
281,Constancia,24.22,-107.19,97.0,69,0,8.99,MX,2020-10-01 18:58:34
282,Puerto Ayora,-0.74,-90.35,77.0,61,40,21.92,EC,2020-10-01 18:58:35
283,Bellevue,47.61,-122.2,59.0,93,90,2.1,US,2020-10-01 18:55:25
284,Victoria,22.29,114.16,81.0,78,15,18.16,HK,2020-10-01 18:58:35
285,Jahanabad,25.22,84.98,78.8,83,75,3.36,IN,2020-10-01 18:58:35
286,Halifax,44.65,-63.57,68.0,72,75,9.17,CA,2020-10-01 18:54:25
287,Flinders,-34.58,150.86,53.01,85,0,1.01,AU,2020-10-01 18:58:07
288,Zempoala,19.45,-96.42,84.2,39,20,20.8,MX,2020-10-01 18:58:36
289,Palkino,57.54,28.01,51.8,76,0,4.47,RU,2020-10-01 18:58:36
290,Dawlatabad,36.41,64.91,52.39,44,0,2.93,AF,2020-10-01 18:58:37
291,Seaham,54.84,-1.35,52.0,73,100,1.01,GB,2020-10-01 18:58:37
292,Culpeper,38.5,-77.97,75.2,47,75,3.36,US,2020-10-01 18:58:37
293,General Pico,-35.66,-63.76,66.58,27,0,11.72,AR,2020-10-01 18:58:37
294,Sorong,-0.88,131.25,78.55,85,100,8.08,ID,2020-10-01 18:58:38
295,Saint-Augustin,51.23,-58.65,61.9,54,0,23.42,CA,2020-10-01 18:58:38
296,Sisimiut,66.94,-53.67,28.58,84,100,3.2,GL,2020-10-01 18:58:38
297,Muros,42.78,-9.06,60.01,91,100,14.0,ES,2020-10-01 18:58:38
298,Iquitos,-3.75,-73.25,84.2,74,75,4.7,PE,2020-10-01 18:56:02
299,Enniscorthy,52.5,-6.56,50.0,81,75,3.36,IE,2020-10-01 18:58:39
300,Galdar,28.15,-15.65,75.2,64,40,23.04,ES,2020-10-01 18:58:39
301,Gusau,12.16,6.66,81.52,60,0,6.89,NG,2020-10-01 18:58:39
302,Lavrentiya,65.58,-171.0,36.91,89,100,9.53,RU,2020-10-01 18:56:56
303,Aykhal,66.0,111.5,21.2,92,90,2.24,RU,2020-10-01 18:58:39
304,Atar,20.52,-13.05,104.0,26,0,16.11,MR,2020-10-01 18:58:40
305,Tatarsk,55.22,75.98,48.79,85,100,5.12,RU,2020-10-01 18:58:40
306,Pleasanton,37.66,-121.87,87.8,36,1,4.7,US,2020-10-01 18:57:02
307,Pangkalanbuun,-2.68,111.62,76.41,92,100,2.1,ID,2020-10-01 18:58:41
308,Luwuk,-0.95,122.79,78.6,74,100,6.69,ID,2020-10-01 18:58:41
309,Arco,45.92,10.89,63.0,100,90,8.05,IT,2020-10-01 18:58:41
310,Camacha,33.08,-16.33,71.6,68,40,12.75,PT,2020-10-01 18:58:42
311,Awjilah,29.11,21.29,83.91,37,0,9.26,LY,2020-10-01 18:58:42
312,Bocas Del Toro,9.33,-82.25,66.99,90,51,4.88,PA,2020-10-01 18:58:42
313,Alice Springs,-23.7,133.88,69.8,15,0,6.93,AU,2020-10-01 18:58:43
314,Chokurdakh,70.63,147.92,26.55,93,77,9.84,RU,2020-10-01 18:58:43
315,Labytnangi,66.66,66.42,45.05,87,100,8.88,RU,2020-10-01 18:58:43
316,Sorland,67.67,12.69,55.4,71,58,9.17,NO,2020-10-01 18:58:43
317,Dunedin,-45.87,170.5,46.99,82,0,1.99,NZ,2020-10-01 18:57:05
318,Itoman,26.12,127.67,78.8,74,20,6.93,JP,2020-10-01 18:58:44
319,Isangel,-19.55,169.27,73.4,83,90,5.82,VU,2020-10-01 18:58:44
320,Tucumcari,35.17,-103.72,69.8,26,1,18.34,US,2020-10-01 18:54:11
321,Panzhihua,26.59,101.71,69.39,80,36,0.4,CN,2020-10-01 18:58:45
322,Sitka,57.05,-135.33,51.8,93,20,1.83,US,2020-10-01 18:58:45
323,Charyshskoye,51.4,83.56,32.9,93,12,2.44,RU,2020-10-01 18:58:46
324,Hambantota,6.12,81.12,75.2,100,91,2.24,LK,2020-10-01 18:58:03
325,Am Timan,11.03,20.28,76.62,79,8,2.01,TD,2020-10-01 18:58:46
326,Port Lincoln,-34.73,135.87,63.23,46,0,12.46,AU,2020-10-01 18:58:46
327,Artigas,-30.4,-56.47,87.17,64,100,13.6,UY,2020-10-01 18:58:46
328,Nha Trang,12.25,109.18,82.4,83,40,2.24,VN,2020-10-01 18:57:24
329,Mehamn,71.04,27.85,46.4,93,75,14.99,NO,2020-10-01 18:58:15
330,Mumford,5.26,-0.76,76.15,89,99,8.63,GH,2020-10-01 18:58:47
331,Saint George,37.1,-113.58,86.0,10,1,1.72,US,2020-10-01 18:55:02
332,Yulara,-25.24,130.99,77.0,15,0,5.82,AU,2020-10-01 18:58:47
333,Petropavlovsk-Kamchatskiy,53.05,158.65,35.6,93,0,8.95,RU,2020-10-01 18:58:48
334,Florianopolis,-27.61,-48.5,89.6,59,58,11.41,BR,2020-10-01 18:58:48
335,Ghazipur,25.58,83.57,76.19,65,70,3.69,IN,2020-10-01 18:58:48
336,Valdosta,30.83,-83.28,80.6,42,1,3.36,US,2020-10-01 18:57:37
337,Tasiilaq,65.61,-37.64,35.6,94,75,27.51,GL,2020-10-01 18:57:26
338,Hare Bay,48.85,-54.01,71.6,49,75,18.34,CA,2020-10-01 18:58:49
339,Wangqing,43.32,129.76,50.99,90,100,6.33,CN,2020-10-01 18:57:34
340,Kochubey,44.39,46.58,63.64,52,5,22.19,RU,2020-10-01 18:58:49
341,Kaeo,-35.1,173.78,46.0,93,100,3.8,NZ,2020-10-01 18:58:50
342,Harindanga,22.04,88.32,82.4,94,40,6.62,IN,2020-10-01 18:55:22
343,Olinda,-8.01,-34.86,82.4,65,40,19.46,BR,2020-10-01 18:58:50
344,Tessalit,20.2,1.01,95.0,10,26,10.47,ML,2020-10-01 18:58:50
345,Iranshahr,27.2,60.68,82.4,20,0,1.99,IR,2020-10-01 18:58:50
346,Pimentel,-6.84,-79.93,73.4,60,24,18.34,PE,2020-10-01 18:58:51
347,Preston,53.77,-2.72,48.2,76,0,5.82,GB,2020-10-01 18:58:51
348,Talcahuano,-36.72,-73.12,55.4,54,0,14.99,CL,2020-10-01 18:58:45
349,Ancud,-41.87,-73.82,46.99,70,75,12.75,CL,2020-10-01 18:58:51
350,Shizunai,42.33,142.37,58.42,77,68,5.41,JP,2020-10-01 18:58:52
351,Veraval,20.9,70.37,80.13,80,0,8.99,IN,2020-10-01 18:58:52
352,Turukhansk,65.82,87.98,33.01,95,100,15.88,RU,2020-10-01 18:58:53
353,Singaraja,-8.11,115.09,79.72,72,7,4.74,ID,2020-10-01 18:58:53
354,Suamico,44.63,-88.04,55.99,54,75,12.75,US,2020-10-01 18:58:53
355,Berlevag,70.86,29.09,46.36,88,100,9.66,NO,2020-10-01 18:58:53
356,Karatsu,33.44,129.97,62.01,73,1,1.01,JP,2020-10-01 18:58:54
357,Boquira,-12.82,-42.73,95.5,14,13,9.37,BR,2020-10-01 18:58:54
358,Sayyan,15.17,44.32,63.39,28,2,9.98,YE,2020-10-01 18:58:54
359,Kysyl-Syr,63.9,122.76,25.57,92,0,4.27,RU,2020-10-01 18:58:55
360,Kirensk,57.79,108.11,28.6,90,72,1.25,RU,2020-10-01 18:58:55
361,Bandar-E Lengeh,26.56,54.88,86.0,66,0,3.62,IR,2020-10-01 18:58:56
362,Dubrajpur,23.8,87.38,79.65,85,100,3.96,IN,2020-10-01 18:58:56
363,Ivanteyevka,55.97,37.92,59.0,57,41,8.95,RU,2020-10-01 18:58:56
364,Coihaique,-45.58,-72.07,35.6,80,90,13.87,CL,2020-10-01 18:58:56
365,Stantsionno-Oyashinskiy,55.47,83.82,36.88,87,95,2.64,RU,2020-10-01 18:58:57
366,Buraydah,26.33,43.98,87.8,22,0,5.82,SA,2020-10-01 18:58:57
367,Kytmanovo,53.46,85.45,34.97,88,91,3.74,RU,2020-10-01 18:58:57
368,Ossora,59.24,163.07,42.15,81,99,8.57,RU,2020-10-01 18:58:58
369,Ravar,31.27,56.81,62.2,30,0,3.4,IR,2020-10-01 18:58:58
370,Port-Gentil,-0.72,8.78,78.8,78,75,12.75,GA,2020-10-01 18:58:58
371,Babolna,47.64,17.98,55.4,93,100,1.77,HU,2020-10-01 18:58:58
372,Umred,20.85,79.33,75.2,73,40,5.14,IN,2020-10-01 18:58:59
373,Bandarbeyla,9.49,50.81,78.17,85,83,11.32,SO,2020-10-01 18:58:59
374,Anadyr,64.75,177.48,28.4,100,100,15.66,RU,2020-10-01 18:58:43
375,Lodja,-3.48,23.43,74.3,80,72,2.64,CD,2020-10-01 18:58:59
376,Sawtell,-30.38,153.1,57.99,87,0,8.5,AU,2020-10-01 18:59:00
377,Eydhafushi,5.1,73.07,81.9,74,90,10.04,MV,2020-10-01 18:59:00
378,Laizhou,37.18,119.93,63.84,85,24,7.38,CN,2020-10-01 18:59:00
379,Ruswil,47.08,8.13,57.2,87,90,2.44,CH,2020-10-01 18:59:01
380,Xining,36.62,101.77,44.49,58,93,1.41,CN,2020-10-01 18:59:01
381,Victor Harbor,-35.57,138.62,62.01,67,0,10.29,AU,2020-10-01 18:59:02
382,Berdigestyakh,62.1,126.7,22.69,96,19,3.47,RU,2020-10-01 18:59:02
383,Kargasok,59.06,80.86,43.38,98,100,5.73,RU,2020-10-01 18:59:02
384,Sambava,-14.27,50.17,73.36,89,15,6.2,MG,2020-10-01 18:54:13
385,Pagudpud,18.56,120.79,77.0,100,20,3.36,PH,2020-10-01 18:59:03
386,Turinsk,58.05,63.7,47.26,91,0,5.35,RU,2020-10-01 18:59:03
387,Esperance,-33.87,121.9,51.8,93,0,5.82,AU,2020-10-01 18:59:04
388,Svetlaya,46.54,138.33,50.47,81,21,9.04,RU,2020-10-01 18:59:04
389,Nelson Bay,-32.72,152.15,54.0,100,2,6.93,AU,2020-10-01 18:59:04
390,Matay,28.42,30.78,84.18,35,0,13.4,EG,2020-10-01 18:59:05
391,Daru,-9.08,143.21,76.55,76,100,15.43,PG,2020-10-01 18:58:03
392,Sangamner,19.57,74.22,73.74,81,100,5.19,IN,2020-10-01 18:59:05
393,Ust-Tsilma,65.44,52.15,46.42,91,78,5.82,RU,2020-10-01 18:59:06
394,Illela,13.73,5.3,90.23,40,0,9.37,NG,2020-10-01 18:59:06
395,Tema,5.67,-0.02,78.8,88,75,11.41,GH,2020-10-01 18:59:06
396,Tigil,57.8,158.67,36.21,94,0,1.81,RU,2020-10-01 18:59:07
397,Nome,64.5,-165.41,48.99,66,90,13.87,US,2020-10-01 18:58:18
398,Muyezerskiy,63.93,31.65,45.32,92,0,2.53,RU,2020-10-01 18:59:07
399,Nalut,30.33,10.85,87.04,16,93,4.81,LY,2020-10-01 18:59:07
400,Mizdah,31.45,12.98,80.46,24,60,1.68,LY,2020-10-01 18:59:08
401,Te Anau,-45.42,167.72,41.41,86,97,5.95,NZ,2020-10-01 18:59:08
402,Touros,-5.2,-35.46,84.2,58,20,16.11,BR,2020-10-01 18:59:08
403,Mandan,46.83,-100.89,48.2,48,40,11.41,US,2020-10-01 18:54:35
404,Morgan City,29.7,-91.21,82.99,47,1,8.05,US,2020-10-01 18:59:08
405,Batticaloa,7.71,81.69,79.54,73,97,5.46,LK,2020-10-01 18:59:09
406,Tianpeng,30.99,103.94,69.01,29,100,4.68,CN,2020-10-01 18:59:09
407,Adrar,20.5,-10.07,98.92,11,0,14.27,MR,2020-10-01 18:59:09
408,Medea,36.26,2.75,73.4,73,40,3.36,DZ,2020-10-01 18:59:10
409,Miles City,46.41,-105.84,53.6,34,1,5.82,US,2020-10-01 18:59:10
410,Fairbanks,64.84,-147.72,53.01,75,1,5.55,US,2020-10-01 18:56:25
411,Ayagoz,47.97,80.44,35.8,79,0,12.37,KZ,2020-10-01 18:59:10
412,Hendrik-Ido-Ambacht,51.83,4.63,54.0,93,20,5.82,NL,2020-10-01 18:59:11
413,Lunsar,8.68,-12.53,75.42,96,100,3.09,SL,2020-10-01 18:59:11
414,Okhotsk,59.38,143.3,43.63,73,36,2.33,RU,2020-10-01 18:59:11
415,Richards Bay,-28.78,32.04,66.79,79,100,16.13,ZA,2020-10-01 18:59:12
416,Okha,53.57,142.95,40.53,86,0,2.42,RU,2020-10-01 18:59:12
417,Porto Novo,6.5,2.6,80.6,83,40,12.75,BJ,2020-10-01 18:59:12
418,Kerema,-7.96,145.78,76.69,87,94,10.74,PG,2020-10-01 18:59:13
419,Mahajanga,-15.72,46.32,78.8,83,20,9.17,MG,2020-10-01 18:59:13
420,Fortuna,40.6,-124.16,69.8,64,20,4.7,US,2020-10-01 18:59:13
421,Wadena,46.44,-95.14,48.2,65,40,11.41,US,2020-10-01 18:59:13
422,Corpus Christi,27.8,-97.4,84.99,39,20,6.15,US,2020-10-01 18:59:13
423,Vagur,61.47,-6.81,47.46,88,100,24.61,FO,2020-10-01 18:59:14
424,Hami,42.8,93.45,51.6,36,100,14.14,CN,2020-10-01 18:59:14
425,Havre-Saint-Pierre,50.23,-63.6,60.8,59,90,8.05,CA,2020-10-01 18:59:14
426,Dekar,-21.53,21.93,74.48,18,42,3.83,BW,2020-10-01 18:59:15
427,Lawrenceburg,38.04,-84.9,69.01,32,40,9.17,US,2020-10-01 18:59:15
428,Pisco,-13.7,-76.22,69.8,68,4,19.46,PE,2020-10-01 18:54:33
429,Nago,26.59,127.98,78.8,88,1,4.7,JP,2020-10-01 18:59:15
430,Oranjemund,-28.55,16.43,56.39,78,3,9.93,NA,2020-10-01 18:59:16
431,Buderim,-26.68,153.05,60.01,94,0,4.07,AU,2020-10-01 18:59:16
432,Nador,35.17,-2.93,75.2,60,0,19.46,MA,2020-10-01 18:59:16
433,Yuksekova,37.57,44.29,62.6,45,7,11.41,TR,2020-10-01 18:59:17
434,Tarakan,3.3,117.63,82.96,76,3,5.32,ID,2020-10-01 18:59:17
435,Westport,41.14,-73.36,75.0,49,20,14.99,US,2020-10-01 18:59:17
436,Jos,9.92,8.9,67.55,89,28,1.99,NG,2020-10-01 18:59:18
437,Didwana,27.4,74.57,81.41,24,0,5.77,IN,2020-10-01 18:59:18
438,Fuglebjerg,55.31,11.55,60.01,82,100,12.75,DK,2020-10-01 18:59:18
439,Beidao,34.57,105.89,52.02,82,100,4.23,CN,2020-10-01 18:59:19
440,Chapais,49.78,-74.85,46.4,65,90,9.17,CA,2020-10-01 18:58:14
441,Tongchuan,35.08,109.09,56.25,43,100,2.37,CN,2020-10-01 18:59:19
442,Opuwo,-18.06,13.84,63.57,29,0,7.78,NA,2020-10-01 18:58:07
443,Tuatapere,-46.13,167.68,46.99,73,100,7.0,NZ,2020-10-01 18:59:20
444,Gallup,35.53,-108.74,73.99,8,1,8.77,US,2020-10-01 18:59:20
445,Mateare,12.24,-86.43,89.6,62,40,4.7,NI,2020-10-01 18:59:20
446,Teluknaga,-6.1,106.64,82.0,88,20,5.82,ID,2020-10-01 18:59:20
447,Torbay,47.67,-52.73,66.0,100,90,17.22,CA,2020-10-01 18:58:59
448,Bilma,18.69,12.92,93.31,11,0,4.83,NE,2020-10-01 18:59:21
449,Chara,56.91,118.26,31.93,93,100,2.75,RU,2020-10-01 18:59:21
450,Tabas,33.6,56.92,71.6,21,0,2.24,IR,2020-10-01 18:59:21
451,Nabire,-3.37,135.48,76.24,85,100,3.85,ID,2020-10-01 18:59:22
452,Warrensburg,38.76,-93.74,64.0,33,1,11.41,US,2020-10-01 18:59:22
453,Pangoa,-12.12,-73.0,90.28,36,6,6.04,PE,2020-10-01 18:59:22
454,Kingston,18.0,-76.79,89.6,62,20,26.4,JM,2020-10-01 18:59:22
455,Tungor,53.38,142.96,38.35,88,0,2.66,RU,2020-10-01 18:59:23
456,Gamba,-2.65,10.0,76.01,78,100,6.04,GA,2020-10-01 18:59:23
457,Gerash,27.67,54.14,80.6,34,0,2.26,IR,2020-10-01 18:59:23
458,Kathmandu,27.72,85.32,69.8,100,75,3.36,NP,2020-10-01 18:59:24
459,Aasiaat,68.71,-52.87,33.67,86,100,23.31,GL,2020-10-01 18:59:24
460,Antalaha,-14.9,50.28,71.55,91,11,4.47,MG,2020-10-01 18:59:24
461,Imelda,7.65,123.95,78.71,80,96,3.38,PH,2020-10-01 18:59:25
462,Delcevo,41.97,22.77,55.99,74,87,1.19,MK,2020-10-01 18:59:25
463,Kula,38.55,28.65,59.67,50,0,4.52,TR,2020-10-01 18:59:25
464,Norman Wells,65.28,-126.83,41.0,86,75,8.05,CA,2020-10-01 18:59:25
465,San Andres,12.58,-81.7,75.2,100,75,4.7,CO,2020-10-01 18:59:26
466,Dzaoudzi,-12.79,45.27,78.8,83,20,6.93,YT,2020-10-01 18:59:26
467,Elko,41.0,-115.5,78.01,15,1,1.16,US,2020-10-01 18:57:30
468,Tilichiki,60.47,166.1,38.08,91,13,11.27,RU,2020-10-01 18:59:26
469,Augusto Correa,-1.02,-46.63,85.28,62,71,9.31,BR,2020-10-01 18:59:27
470,Nata,8.33,-80.52,84.2,70,20,6.93,PA,2020-10-01 18:59:27
471,Boa Vista,2.82,-60.67,96.8,34,40,6.93,BR,2020-10-01 18:55:10
472,Haimen,23.19,116.61,75.2,83,71,2.24,CN,2020-10-01 18:57:29
473,Ixtapa,20.7,-105.2,90.0,66,20,8.05,MX,2020-10-01 18:59:28
474,Meiganga,6.52,14.3,67.15,90,100,2.44,CM,2020-10-01 18:59:28
475,Urengoy,65.97,78.37,41.11,91,0,7.61,RU,2020-10-01 18:59:28
476,Xai-Xai,-25.05,33.64,73.29,86,24,9.01,MZ,2020-10-01 18:55:05
477,Qaqortoq,60.72,-46.03,48.2,39,75,18.34,GL,2020-10-01 18:59:29
478,Tautira,-17.73,-149.15,82.4,65,20,3.36,PF,2020-10-01 18:59:29
479,Iracoubo,5.48,-53.2,85.14,64,41,8.77,GF,2020-10-01 18:59:29
480,Bilokurakyne,49.53,38.73,63.05,31,100,14.63,UA,2020-10-01 18:59:29
481,Nawabganj,24.59,88.27,80.67,86,100,1.25,BD,2020-10-01 18:59:30
482,Vidim,56.41,103.11,27.37,97,53,1.3,RU,2020-10-01 18:59:30
483,Ostersund,63.18,14.64,50.0,93,81,9.17,SE,2020-10-01 18:59:30
484,Rantauprapat,2.1,99.83,73.94,95,100,1.81,ID,2020-10-01 18:59:30
485,Dalaba,10.7,-12.25,66.4,100,100,3.53,GN,2020-10-01 18:59:31
486,Suntar,62.14,117.63,26.92,90,65,3.87,RU,2020-10-01 18:59:31
487,Morris,40.83,-74.53,71.01,52,75,9.17,US,2020-10-01 18:57:13
488,Nsoko,-27.03,31.95,63.68,85,100,10.98,SZ,2020-10-01 18:59:32
489,Mitchell,43.71,-98.03,53.6,46,75,20.8,US,2020-10-01 18:57:28
490,Tazovskiy,67.47,78.7,42.96,88,100,15.73,RU,2020-10-01 18:59:32
491,Yar-Sale,66.83,70.83,43.88,88,100,8.41,RU,2020-10-01 18:57:15
492,Batemans Bay,-35.72,150.18,48.0,94,0,4.76,AU,2020-10-01 18:59:33
493,Vanimo,-2.67,141.3,76.53,76,100,3.04,PG,2020-10-01 18:59:33
494,Matagami,49.75,-77.63,44.6,65,90,11.41,CA,2020-10-01 18:59:33
495,Hanna,51.63,-111.9,55.99,41,97,13.0,CA,2020-10-01 18:59:33
496,Mount Isa,-20.73,139.5,69.8,24,0,6.93,AU,2020-10-01 18:59:33
497,Auki,-8.77,160.7,76.91,86,38,5.39,SB,2020-10-01 18:59:34
498,Altay,47.87,88.12,33.1,83,0,1.99,CN,2020-10-01 18:59:34
499,Juneau,58.3,-134.42,53.6,93,90,10.29,US,2020-10-01 18:55:38
500,Melbourne,28.08,-80.61,82.0,78,90,13.87,US,2020-10-01 18:57:01
501,Brigham City,41.51,-112.02,75.99,17,1,7.05,US,2020-10-01 18:59:35
502,La Ronge,55.1,-105.28,44.6,65,75,5.82,CA,2020-10-01 18:59:35
503,Sungairaya,0.7,108.9,79.77,84,86,3.71,ID,2020-10-01 18:59:35
504,Rodrigues Alves,-7.74,-72.65,89.35,48,95,2.39,BR,2020-10-01 18:59:36
505,Imeni Poliny Osipenko,52.42,136.49,39.99,89,0,2.95,RU,2020-10-01 18:59:36
506,Yerbogachen,61.28,108.01,24.75,96,1,3.24,RU,2020-10-01 18:59:36
507,Preobrazheniye,42.9,133.91,52.14,77,100,8.39,RU,2020-10-01 18:59:37
508,Hidrolandia,-4.41,-40.44,99.07,22,47,9.1,BR,2020-10-01 18:59:37
509,San Antonio,29.42,-98.49,87.01,28,1,3.36,US,2020-10-01 18:58:08
510,Payo,-3.75,103.64,73.92,88,100,1.59,ID,2020-10-01 18:59:37
511,Ondjiva,-17.07,15.73,75.52,18,0,6.26,AO,2020-10-01 18:59:38
512,San Patricio,19.22,-104.7,91.4,70,5,6.93,MX,2020-10-01 18:59:13
513,Puerto Maldonado,-12.6,-69.18,95.0,44,20,6.93,PE,2020-10-01 18:59:09
514,Khani,41.96,42.96,66.2,68,40,31.09,GE,2020-10-01 18:59:38
515,North Vanlaiphai,23.13,93.07,62.38,100,100,0.98,IN,2020-10-01 18:59:38
516,Umm Lajj,25.02,37.27,85.46,53,0,5.14,SA,2020-10-01 18:58:24
517,Agde,43.31,3.48,64.99,63,100,3.36,FR,2020-10-01 18:59:39
518,Tortoli,39.93,9.66,68.0,77,40,10.29,IT,2020-10-01 18:59:39
519,Santa Rosa,14.31,121.11,78.8,94,90,3.36,PH,2020-10-01 18:59:39
520,Kondinskoye,59.65,67.41,46.15,90,0,5.88,RU,2020-10-01 18:59:40
521,Haines Junction,60.75,-137.51,44.85,75,90,5.3,CA,2020-10-01 18:59:40
522,Bathsheba,13.22,-59.52,84.2,74,40,18.34,BB,2020-10-01 18:59:40
523,Port Stanley,-51.7,-57.85,32.0,76,75,26.4,FK,2020-10-01 18:59:41
524,Vung Tau,10.35,107.08,80.69,84,42,9.95,VN,2020-10-01 18:59:41
525,Kapit,2.02,112.93,74.88,94,100,0.65,MY,2020-10-01 18:59:41
526,Saquarema,-22.92,-42.51,80.6,74,13,21.92,BR,2020-10-01 18:58:58
527,Grand-Lahou,5.14,-5.02,76.41,88,100,9.31,CI,2020-10-01 18:59:42
528,Taksimo,56.34,114.88,32.65,90,100,2.19,RU,2020-10-01 18:59:42
529,Manuk Mangkaw,4.8,119.85,84.04,71,0,7.25,PH,2020-10-01 18:59:42
530,Wagar,16.15,36.2,81.63,60,100,13.56,SD,2020-10-01 18:59:43
531,Turayf,31.67,38.66,80.6,26,40,4.7,SA,2020-10-01 18:59:43
532,Pemberton,50.32,-122.8,59.0,82,90,0.38,CA,2020-10-01 18:59:43
533,Oktyabrskoye,43.06,44.74,55.4,76,100,6.71,RU,2020-10-01 18:59:44
534,Mahibadhoo,3.78,72.97,81.86,76,100,10.94,MV,2020-10-01 18:59:44
535,Rockhampton,-23.38,150.5,62.6,88,40,2.33,AU,2020-10-01 18:59:44
536,Leshukonskoye,64.9,45.76,45.72,94,97,4.9,RU,2020-10-01 18:58:42
537,Mezen,65.85,44.24,45.9,94,100,6.6,RU,2020-10-01 18:59:45
538,Lorengau,-2.02,147.27,81.05,81,100,13.6,PG,2020-10-01 18:59:45
539,Baruun-Urt,46.68,113.28,31.1,92,59,13.85,MN,2020-10-01 18:59:45
540,Ambunti,-4.24,142.84,71.87,98,100,1.97,PG,2020-10-01 18:59:46
541,Jumla,29.27,82.18,54.61,64,0,3.8,NP,2020-10-01 18:58:39
542,Dengzhou,37.81,120.75,65.28,83,71,11.81,CN,2020-10-01 18:59:46
543,Plettenberg Bay,-34.05,23.37,55.65,73,89,16.58,ZA,2020-10-01 18:59:17
544,Toro,4.61,-76.08,80.6,51,40,2.24,CO,2020-10-01 18:59:47
545,Fiche,9.8,38.73,50.41,100,100,2.35,ET,2020-10-01 18:59:47
546,Pasni,25.26,63.47,83.39,64,0,8.95,PK,2020-10-01 18:59:47
547,Mahanje,-9.93,35.33,69.44,56,87,4.63,TZ,2020-10-01 18:59:48
548,Viedma,-40.81,-63.0,51.85,43,0,17.83,AR,2020-10-01 18:58:42
549,Kostomuksha,64.57,30.58,46.89,88,35,1.61,RU,2020-10-01 18:59:48
550,Saint-Pierre,-21.34,55.48,71.6,78,6,4.7,RE,2020-10-01 18:58:41
551,Faya,18.39,42.45,69.8,72,94,8.5,SA,2020-10-01 18:59:48
552,Rio Grande,-32.03,-52.1,70.14,89,63,8.1,BR,2020-10-01 18:57:48
553,Valdivia,-39.81,-73.25,53.6,66,75,9.17,CL,2020-10-01 18:57:22
554,Paamiut,61.99,-49.67,40.75,74,100,56.73,GL,2020-10-01 18:59:49
555,Tiznit,29.58,-9.5,66.24,73,0,5.26,MA,2020-10-01 18:59:49
556,Zeya,53.75,127.27,42.96,79,100,3.6,RU,2020-10-01 18:58:54
557,Funtua,11.52,7.31,74.5,76,0,7.76,NG,2020-10-01 18:59:50
558,Goya,-29.14,-59.26,86.97,63,0,13.31,AR,2020-10-01 18:59:50
559,Maues,-3.38,-57.72,98.42,31,100,4.5,BR,2020-10-01 18:59:50
560,Ialibu,-6.28,143.99,54.84,98,100,2.06,PG,2020-10-01 18:59:50
561,Ibanda,-2.8,32.47,71.6,83,20,5.82,TZ,2020-10-01 18:59:51
562,Cap Malheureux,-19.98,57.61,69.01,77,2,3.0,MU,2020-10-01 18:59:38
563,Panguna,-6.32,155.48,67.53,100,95,1.25,PG,2020-10-01 18:59:51
564,Bonthe,7.53,-12.51,77.79,87,100,8.48,SL,2020-10-01 18:59:52
565,Cachoeiro De Itapemirim,-20.85,-41.11,89.96,50,5,5.53,BR,2020-10-01 18:59:52
566,Eyl,7.98,49.82,78.3,79,25,18.61,SO,2020-10-01 18:58:41
567,Kloulklubed,7.04,134.26,77.0,88,75,9.24,PW,2020-10-01 18:59:52
568,Massakory,13.0,15.73,85.78,52,78,7.61,TD,2020-10-01 18:59:53
569,Tarnos,43.54,-1.46,60.01,87,75,3.36,FR,2020-10-01 18:59:53
570,Pokrovskoye,47.42,38.9,65.61,36,60,20.62,RU,2020-10-01 18:59:53
571,Sioux Lookout,50.1,-91.92,37.4,64,75,12.75,CA,2020-10-01 18:58:54
572,Nishihara,26.18,127.76,78.8,78,20,10.29,JP,2020-10-01 18:59:54
573,Keetmanshoop,-26.58,18.13,55.4,43,20,20.8,NA,2020-10-01 18:59:54
574,Hyeres,43.12,6.12,63.0,93,90,4.7,FR,2020-10-01 18:59:54
575,Marawi,8.0,124.29,75.99,91,97,1.01,PH,2020-10-01 18:59:54
576,Malpe,13.35,74.72,78.8,78,20,2.71,IN,2020-10-01 18:59:55
577,Den Helder,52.96,4.76,55.0,93,90,8.05,NL,2020-10-01 18:59:55
578,Walvis Bay,-22.96,14.51,59.0,54,0,21.92,NA,2020-10-01 18:55:20
579,Karratha,-20.74,116.85,70.29,43,0,8.66,AU,2020-10-01 18:59:00
580,College,64.86,-147.8,52.0,75,40,5.14,US,2020-10-01 18:59:55
581,Moose Factory,51.26,-80.61,41.0,86,90,12.75,CA,2020-10-01 18:59:56
582,Wenling,28.37,121.36,71.01,85,0,3.91,CN,2020-10-01 18:59:56
583,Bowen,-20.02,148.23,64.4,88,90,2.24,AU,2020-10-01 18:59:56
584,Orlik,52.52,99.83,24.76,89,100,3.36,RU,2020-10-01 18:59:57
585,Arcachon,44.59,-1.05,60.8,87,75,10.29,FR,2020-10-01 18:59:57
586,Quatre Cocos,-20.21,57.76,69.8,83,40,4.7,MU,2020-10-01 18:55:05
587,Severodvinsk,64.56,39.83,46.4,100,40,2.24,RU,2020-10-01 18:59:57
588,Mulchen,-37.72,-72.23,57.2,41,40,8.05,CL,2020-10-01 18:59:57
589,Opotiki,-38.08,177.28,50.0,98,91,1.99,NZ,2020-10-01 18:59:58
590,Aykino,62.22,49.99,47.93,95,99,4.7,RU,2020-10-01 18:59:58
591,Conakry,9.54,-13.68,80.56,82,100,9.28,GN,2020-10-01 18:59:58
